{
  "logistic_regression": {
    "0": {
      "precision": 0.9637526652452025,
      "recall": 0.7915936952714536,
      "f1-score": 0.8692307692307693,
      "support": 571.0
    },
    "1": {
      "precision": 0.125,
      "recall": 0.5,
      "f1-score": 0.2,
      "support": 34.0
    },
    "accuracy": 0.775206611570248,
    "macro avg": {
      "precision": 0.5443763326226012,
      "recall": 0.6457968476357268,
      "f1-score": 0.5346153846153846,
      "support": 605.0
    },
    "weighted avg": {
      "precision": 0.9166161518264638,
      "recall": 0.775206611570248,
      "f1-score": 0.8316211061665607,
      "support": 605.0
    }
  },
  "random_forest": {
    "0": {
      "precision": 0.9511677282377919,
      "recall": 0.7845884413309983,
      "f1-score": 0.8598848368522073,
      "support": 571.0
    },
    "1": {
      "precision": 0.08208955223880597,
      "recall": 0.3235294117647059,
      "f1-score": 0.13095238095238096,
      "support": 34.0
    },
    "accuracy": 0.7586776859504132,
    "macro avg": {
      "precision": 0.5166286402382989,
      "recall": 0.554058926547852,
      "f1-score": 0.4954186089022941,
      "support": 605.0
    },
    "weighted avg": {
      "precision": 0.9023269712395019,
      "recall": 0.7586776859504132,
      "f1-score": 0.8189200376776715,
      "support": 605.0
    }
  },
  "extra_trees": {
    "0": {
      "precision": 0.9527896995708155,
      "recall": 0.7775831873905429,
      "f1-score": 0.8563162970106075,
      "support": 571.0
    },
    "1": {
      "precision": 0.08633093525179857,
      "recall": 0.35294117647058826,
      "f1-score": 0.13872832369942195,
      "support": 34.0
    },
    "accuracy": 0.7537190082644628,
    "macro avg": {
      "precision": 0.519560317411307,
      "recall": 0.5652621819305655,
      "f1-score": 0.4975223103550147,
      "support": 605.0
    },
    "weighted avg": {
      "precision": 0.9040961491793335,
      "recall": 0.7537190082644628,
      "f1-score": 0.8159890390063426,
      "support": 605.0
    }
  },
  "svc_rbf": {
    "0": {
      "precision": 0.9665071770334929,
      "recall": 0.7075306479859895,
      "f1-score": 0.8169868554095046,
      "support": 571.0
    },
    "1": {
      "precision": 0.10695187165775401,
      "recall": 0.5882352941176471,
      "f1-score": 0.18099547511312217,
      "support": 34.0
    },
    "accuracy": 0.7008264462809918,
    "macro avg": {
      "precision": 0.5367295243456235,
      "recall": 0.6478829710518184,
      "f1-score": 0.4989911652613134,
      "support": 605.0
    },
    "weighted avg": {
      "precision": 0.9182015896239473,
      "recall": 0.7008264462809918,
      "f1-score": 0.7812451910622699,
      "support": 605.0
    }
  },
  "hist_gradient_boosting": {
    "0": {
      "precision": 0.9513422818791947,
      "recall": 0.9929947460595446,
      "f1-score": 0.9717223650385605,
      "support": 571.0
    },
    "1": {
      "precision": 0.5555555555555556,
      "recall": 0.14705882352941177,
      "f1-score": 0.23255813953488372,
      "support": 34.0
    },
    "accuracy": 0.9454545454545454,
    "macro avg": {
      "precision": 0.7534489187173752,
      "recall": 0.5700267847944782,
      "f1-score": 0.6021402522867221,
      "support": 605.0
    },
    "weighted avg": {
      "precision": 0.9290997220527423,
      "recall": 0.9454545454545454,
      "f1-score": 0.9301825573243043,
      "support": 605.0
    }
  }
}