{
  "accuracy": 0.7174,
  "balanced_accuracy": 0.7535,
  "classification_report": {
    "0": {
      "precision": 0.9830917874396136,
      "recall": 0.712784588441331,
      "f1-score": 0.8263959390862944,
      "support": 571.0
    },
    "1": {
      "precision": 0.14136125654450263,
      "recall": 0.7941176470588235,
      "f1-score": 0.24,
      "support": 34.0
    },
    "accuracy": 0.7173553719008264,
    "macro avg": {
      "precision": 0.5622265219920581,
      "recall": 0.7534511177500772,
      "f1-score": 0.5331979695431472,
      "support": 605.0
    },
    "weighted avg": {
      "precision": 0.9357879228934419,
      "recall": 0.7173553719008264,
      "f1-score": 0.7934414565591308,
      "support": 605.0
    }
  },
  "auc_roc": 0.8067
}