{
  "mixture_of_experts_gate": {
    "0": {
      "precision": 0.9691516709511568,
      "recall": 0.660245183887916,
      "f1-score": 0.7854166666666667,
      "support": 571.0
    },
    "1": {
      "precision": 0.10185185185185185,
      "recall": 0.6470588235294118,
      "f1-score": 0.176,
      "support": 34.0
    },
    "accuracy": 0.6595041322314049,
    "macro avg": {
      "precision": 0.5355017614015043,
      "recall": 0.6536520037086639,
      "f1-score": 0.4807083333333333,
      "support": 605.0
    },
    "weighted avg": {
      "precision": 0.9204108546711958,
      "recall": 0.6595041322314049,
      "f1-score": 0.7511684573002755,
      "support": 605.0
    }
  },
  "expert_average_ensemble": {
    "0": {
      "precision": 0.959051724137931,
      "recall": 0.7793345008756567,
      "f1-score": 0.8599033816425121,
      "support": 571.0
    },
    "1": {
      "precision": 0.10638297872340426,
      "recall": 0.4411764705882353,
      "f1-score": 0.17142857142857143,
      "support": 34.0
    },
    "accuracy": 0.7603305785123967,
    "macro avg": {
      "precision": 0.5327173514306677,
      "recall": 0.610255485731946,
      "f1-score": 0.5156659765355418,
      "support": 605.0
    },
    "weighted avg": {
      "precision": 0.9111331500154618,
      "recall": 0.7603305785123967,
      "f1-score": 0.8212122352833815,
      "support": 605.0
    }
  }
}