{
  "logistic_regression": {
    "0": {
      "precision": 0.9637526652452025,
      "recall": 0.7915936952714536,
      "f1-score": 0.8692307692307693,
      "support": 571.0
    },
    "1": {
      "precision": 0.125,
      "recall": 0.5,
      "f1-score": 0.2,
      "support": 34.0
    },
    "accuracy": 0.775206611570248,
    "macro avg": {
      "precision": 0.5443763326226012,
      "recall": 0.6457968476357268,
      "f1-score": 0.5346153846153846,
      "support": 605.0
    },
    "weighted avg": {
      "precision": 0.9166161518264638,
      "recall": 0.775206611570248,
      "f1-score": 0.8316211061665607,
      "support": 605.0
    }
  },
  "random_forest": {
    "0": {
      "precision": 0.9511677282377919,
      "recall": 0.7845884413309983,
      "f1-score": 0.8598848368522073,
      "support": 571.0
    },
    "1": {
      "precision": 0.08208955223880597,
      "recall": 0.3235294117647059,
      "f1-score": 0.13095238095238096,
      "support": 34.0
    },
    "accuracy": 0.7586776859504132,
    "macro avg": {
      "precision": 0.5166286402382989,
      "recall": 0.554058926547852,
      "f1-score": 0.4954186089022941,
      "support": 605.0
    },
    "weighted avg": {
      "precision": 0.9023269712395019,
      "recall": 0.7586776859504132,
      "f1-score": 0.8189200376776715,
      "support": 605.0
    }
  },
  "extra_trees": {
    "0": {
      "precision": 0.9527896995708155,
      "recall": 0.7775831873905429,
      "f1-score": 0.8563162970106075,
      "support": 571.0
    },
    "1": {
      "precision": 0.08633093525179857,
      "recall": 0.35294117647058826,
      "f1-score": 0.13872832369942195,
      "support": 34.0
    },
    "accuracy": 0.7537190082644628,
    "macro avg": {
      "precision": 0.519560317411307,
      "recall": 0.5652621819305655,
      "f1-score": 0.4975223103550147,
      "support": 605.0
    },
    "weighted avg": {
      "precision": 0.9040961491793335,
      "recall": 0.7537190082644628,
      "f1-score": 0.8159890390063426,
      "support": 605.0
    }
  },
  "svc_rbf": {
    "0": {
      "precision": 0.9665071770334929,
      "recall": 0.7075306479859895,
      "f1-score": 0.8169868554095046,
      "support": 571.0
    },
    "1": {
      "precision": 0.10695187165775401,
      "recall": 0.5882352941176471,
      "f1-score": 0.18099547511312217,
      "support": 34.0
    },
    "accuracy": 0.7008264462809918,
    "macro avg": {
      "precision": 0.5367295243456235,
      "recall": 0.6478829710518184,
      "f1-score": 0.4989911652613134,
      "support": 605.0
    },
    "weighted avg": {
      "precision": 0.9182015896239473,
      "recall": 0.7008264462809918,
      "f1-score": 0.7812451910622699,
      "support": 605.0
    }
  },
  "hist_gradient_boosting": {
    "0": {
      "precision": 0.9513422818791947,
      "recall": 0.9929947460595446,
      "f1-score": 0.9717223650385605,
      "support": 571.0
    },
    "1": {
      "precision": 0.5555555555555556,
      "recall": 0.14705882352941177,
      "f1-score": 0.23255813953488372,
      "support": 34.0
    },
    "accuracy": 0.9454545454545454,
    "macro avg": {
      "precision": 0.7534489187173752,
      "recall": 0.5700267847944782,
      "f1-score": 0.6021402522867221,
      "support": 605.0
    },
    "weighted avg": {
      "precision": 0.9290997220527423,
      "recall": 0.9454545454545454,
      "f1-score": 0.9301825573243043,
      "support": 605.0
    }
  },
  "balanced_random_forest": {
    "0": {
      "precision": 0.9711111111111111,
      "recall": 0.7653239929947461,
      "f1-score": 0.8560235063663075,
      "support": 571.0
    },
    "1": {
      "precision": 0.13548387096774195,
      "recall": 0.6176470588235294,
      "f1-score": 0.2222222222222222,
      "support": 34.0
    },
    "accuracy": 0.7570247933884298,
    "macro avg": {
      "precision": 0.5532974910394266,
      "recall": 0.6914855259091377,
      "f1-score": 0.5391228642942649,
      "support": 605.0
    },
    "weighted avg": {
      "precision": 0.9241502414171038,
      "recall": 0.7570247933884298,
      "f1-score": 0.8204049218028383,
      "support": 605.0
    }
  },
  "easy_ensemble": {
    "0": {
      "precision": 0.9914529914529915,
      "recall": 0.6094570928196147,
      "f1-score": 0.754880694143167,
      "support": 571.0
    },
    "1": {
      "precision": 0.1220472440944882,
      "recall": 0.9117647058823529,
      "f1-score": 0.2152777777777778,
      "support": 34.0
    },
    "accuracy": 0.6264462809917355,
    "macro avg": {
      "precision": 0.5567501177737398,
      "recall": 0.7606108993509838,
      "f1-score": 0.4850792359604724,
      "support": 605.0
    },
    "weighted avg": {
      "precision": 0.9425938254857366,
      "recall": 0.6264462809917355,
      "f1-score": 0.7245559021490791,
      "support": 605.0
    }
  },
  "xgboost_hist": {
    "0": {
      "precision": 0.9693251533742331,
      "recall": 0.830122591943958,
      "f1-score": 0.8943396226415095,
      "support": 571.0
    },
    "1": {
      "precision": 0.16379310344827586,
      "recall": 0.5588235294117647,
      "f1-score": 0.25333333333333335,
      "support": 34.0
    },
    "accuracy": 0.8148760330578513,
    "macro avg": {
      "precision": 0.5665591284112544,
      "recall": 0.6944730606778613,
      "f1-score": 0.5738364779874214,
      "support": 605.0
    },
    "weighted avg": {
      "precision": 0.9240555836263281,
      "recall": 0.8148760330578513,
      "f1-score": 0.8583161286969178,
      "support": 605.0
    }
  },
  "xgboost_deeper": {
    "0": {
      "precision": 0.967479674796748,
      "recall": 0.8336252189141856,
      "f1-score": 0.8955785512699906,
      "support": 571.0
    },
    "1": {
      "precision": 0.1592920353982301,
      "recall": 0.5294117647058824,
      "f1-score": 0.24489795918367346,
      "support": 34.0
    },
    "accuracy": 0.8165289256198347,
    "macro avg": {
      "precision": 0.5633858550974891,
      "recall": 0.681518491810034,
      "f1-score": 0.570238255226832,
      "support": 605.0
    },
    "weighted avg": {
      "precision": 0.9220608653098892,
      "recall": 0.8165289256198347,
      "f1-score": 0.8590113774998506,
      "support": 605.0
    }
  },
  "lightgbm_gbdt": {
    "0": {
      "precision": 0.9616935483870968,
      "recall": 0.8353765323992994,
      "f1-score": 0.8940955951265229,
      "support": 571.0
    },
    "1": {
      "precision": 0.13761467889908258,
      "recall": 0.4411764705882353,
      "f1-score": 0.2097902097902098,
      "support": 34.0
    },
    "accuracy": 0.8132231404958677,
    "macro avg": {
      "precision": 0.5496541136430897,
      "recall": 0.6382765014937674,
      "f1-score": 0.5519429024583664,
      "support": 605.0
    },
    "weighted avg": {
      "precision": 0.9153816780357041,
      "recall": 0.8132231404958677,
      "f1-score": 0.8556387635539036,
      "support": 605.0
    }
  },
  "lightgbm_extra_trees": {
    "0": {
      "precision": 0.9635627530364372,
      "recall": 0.8336252189141856,
      "f1-score": 0.8938967136150234,
      "support": 571.0
    },
    "1": {
      "precision": 0.14414414414414414,
      "recall": 0.47058823529411764,
      "f1-score": 0.2206896551724138,
      "support": 34.0
    },
    "accuracy": 0.8132231404958677,
    "macro avg": {
      "precision": 0.5538534485902907,
      "recall": 0.6521067271041516,
      "f1-score": 0.5572931843937186,
      "support": 605.0
    },
    "weighted avg": {
      "precision": 0.9175127816276142,
      "recall": 0.8132231404958677,
      "f1-score": 0.8560635896694884,
      "support": 605.0
    }
  },
  "catboost": {
    "0": {
      "precision": 0.9714285714285714,
      "recall": 0.7740805604203153,
      "f1-score": 0.8615984405458089,
      "support": 571.0
    },
    "1": {
      "precision": 0.14,
      "recall": 0.6176470588235294,
      "f1-score": 0.22826086956521738,
      "support": 34.0
    },
    "accuracy": 0.7652892561983471,